{
  "project_info": {
    "project_number": "302464518964",
    "project_id": "tarefa-login",
    "storage_bucket": "tarefa-login.appspot.com"
  },
  "client": [
    {
      "client_info": {
        "mobilesdk_app_id": "1:302464518964:android:dba0066f67246d62383361",
        "android_client_info": {
          "package_name": "com.example.testelogin"
        }
      },
      "oauth_client": [
        {
          "client_id": "302464518964-p02dnkuoqtdpcl0qn78q8vm7cndgnekt.apps.googleusercontent.com",
          "client_type": 3
        }
      ],
      "api_key": [
        {
          "current_key": "AIzaSyBPl_EcEStzNuUE11XAxekY8aarEoJ_F6U"
        }
      ],
      "services": {
        "appinvite_service": {
          "other_platform_oauth_client": [
            {
              "client_id": "302464518964-p02dnkuoqtdpcl0qn78q8vm7cndgnekt.apps.googleusercontent.com",
              "client_type": 3
            }
          ]
        }
      }
    }
  ],
  "configuration_version": "1"
}